id_product;active;name;name_category;price;tax_id;wholesale_price;on_sale;discount_amount;discount_percent;discount_from;discount_to;reference;id_supplier;supplier;manufacturer;ean13;upc;ecotax;width;height;depth;weight;delivery_in_stock_time;delivery_out_stock_time;quantity;minimal_quantity;low_stock_threshold;low_stock_alert;visibility;additional_shipping_cost;unity;unit_price;description_short;description;tags;meta_title;meta_keywords;meta_description;link_rewrite;text_when_in_stock;text_when_out_stock;available_for_order;available_date;creation_date;show_price;images_url;image_alt_text;delete_images;features;online_only;condition;customizable;uploadable_files;text_fields;out_of_stock;is_virtual;file_url;expiration_date;number_of_days;shop_name;advanced_stock_management;depends_on_stock;warehouse;acessories
3;1;Débardeur à fines bretelles;Chemisier Tunique Débardeur Femme;8.324999;1;0.000000;1;;;;;417001;0;;;;;0.000000;0.000000;0.000000;0.000000;0.000000;;;0;1;5;1;both;0.000000;;0.000000;<p>Ce débardeur à bretelles est un basique incontournable du dressing féminin. On le porte avec plaisir l'été et le retrouve à l'automne sous un pull ou sous une chemise ouverte.</p>;"<table frame=""void"" cellspacing=""0"" rules=""none"" border=""0""><colgroup><col width=""951"" /></colgroup><tbody><tr><td width=""951"" height=""201"" align=""left""><p><strong>Détails produit</strong></p><p>• Fines bretelles</p><p><strong>Mesures du produit en taille 38/M</strong></p><p>• Longueur: 50 cm</p><p>• Tour de poitrine : 82 cm</p><p><strong>Composition et Entretien</strong></p><p>• 95% coton, 5% élasthanne</p><p>• Température de lavage 30° cycle délicat</p><p>•  Température de repassage faible / blanchiment interdit</p><p>• Ne pas sécher en tambour</p><p>• Pas de nettoyage à sec</p><p><strong>Fiche produit relative aux qualités et caractéristiques environnementales</strong></p><p>• Origine de fabrication (tissage, teinture) : Turquie</p><p>• Confection : Tunisie</p><p></p><p><strong>Couleurs : </strong>Blanc, Vert foncé, Fuchsia, Noir</p><p><strong>Tailles : </strong>XS, S, M, L, XL</p></td></tr></tbody></table>";;Débardeur à fines bretelles;;;debardeur-a-fines-bretelles;;;1;0000-00-00;;1;;;0;;0;new;0;0;0;2;0;;;;Atout-Charme;;;;
4;1;T-shirt manches longues;Chemisier Tunique Débardeur Femme;20.824999;1;0.000000;1;;;;;417002;0;;;;;0.000000;0.000000;0.000000;0.000000;0.000000;;;0;1;5;1;both;0.000000;;0.000000;<p>Un T-shirt de base dans notre qualité dolce confortable, avec des manches mi-longues. Le T-shirt a une longueur de hanche et n'est pas serré. Un élément parfait pour ajouter à votre garde-robe de base!</p>;"<table frame=""void"" cellspacing=""0"" rules=""none"" border=""0""><colgroup><col width=""951"" /></colgroup><tbody><tr><td width=""951"" height=""201"" align=""left""><p><strong>Détails produit</strong></p><p>• Matiere: 95% polyester, 5% elastane</p><p><strong>Mesures du produit en taille 38/M</strong></p><p>• Longueur de manche: 47,5 cm</p><p>• Longueur totale: 72 cm</p><p><strong>Entretien</strong></p><p>• Température de lavage 30° cycle délicat</p><p><strong>Couleurs : </strong>Blanc, Bleu marine, Saumon, Vert kaki</p><p><strong>Tailles : </strong>XS, S, M, L, XL</p></td></tr></tbody></table>";;T-shirt manches longues;;;t-shirt-manches-longues;;;1;0000-00-00;;1;;;0;;0;new;0;0;0;2;0;;;;Atout-Charme;;;;
5;1;T-shirt uni col V;Chemisier Tunique Débardeur Femme;20.824999;1;0.000000;1;;;;;417003;0;;;;;0.000000;0.000000;0.000000;0.000000;0.000000;;;0;1;5;1;both;0.000000;;0.000000;<p>T-shirt uni à col V - Col à finition bord-côte - Manches courtes - Maille fine en jersey</p>;"<table frame=""void"" cellspacing=""0"" rules=""none"" border=""0""><colgroup><col width=""951"" /></colgroup><tbody><tr><td width=""951"" height=""201"" align=""left""><p><strong>Détails produit</strong></p><p>• Manches courtes</p><p>• Col V</p><p><strong>Composition et Entretien</strong></p><p>• 95% COTON, 5% VISCOSE</p><p>• Pour l'entretien, merci de vous référer aux indications figurant sur l'étiquette du produit</p><p><strong>Fiche produit relative aux qualités et caractéristiques environnementales</strong></p><p>• Origine de fabrication (tissage, teinture, impression, confection) : Chine</p><p></p><p><strong>Couleurs : </strong>Bleu marine, Rouge, Noir</p><p><strong>Tailles : </strong>XS, S, M, L, XL</p></td></tr></tbody></table>";;T-shirt col V;;;t-shirt-col-v;;;1;0000-00-00;;1;;;0;;0;new;0;0;0;2;0;;;;Atout-Charme;;;;
6;1;T-shirt imprimé col rond;Chemisier Tunique Débardeur Femme;8.324999;1;0.000000;1;;;;;417004;0;;;;;0.000000;0.000000;0.000000;0.000000;0.000000;;;0;1;5;1;both;0.000000;;0.000000;<p>T-shirt imprimé fantaisie en lin - Col en V - Manches courtes - Matière douce - Base droite - Ce produit est labellisé EUROPEAN FLAX. La garantie de traçabilité d'un lin fibre de qualité premium cultivé en Europe. Une fibre naturelle, issue d'une agriculture respectueuse de l'environnement, sans irrigation ni OGM.</p>;"<table frame=""void"" cellspacing=""0"" rules=""none"" border=""0""><colgroup><col width=""951"" /></colgroup><tbody><tr><td width=""951"" height=""201"" align=""left""><p><strong>Détails produit</strong></p><p>• Manches courtes</p><p>• Col rond</p><p>• Motif imprimé devant</p><p><strong>Composition et Entretien</strong></p><p>• MATIERE PRINCIPALE : 100% LIN </p><p>• Pour l'entretien, merci de vous référer aux indications figurant sur l'étiquette du produit</p><p><strong>Couleurs : </strong>Blanc, Gris, Noir</p><p><strong>Tailles : </strong>XS, S, M, L, XL</p></td></tr></tbody></table>";;T-shirt imprimé col rond;;;t-shirt-imprime-col-rond;;;1;0000-00-00;;1;;;0;;0;new;0;0;0;2;0;;;;Atout-Charme;;;;
7;1;Débardeur uni;Chemisier Tunique Débardeur Femme;6.666667;1;0.000000;1;;;;;417005;0;;;;;0.000000;0.000000;0.000000;0.000000;0.000000;;;0;1;5;1;both;0.000000;;0.000000;<p>Ce débardeur à bretelles est un basique incontournable du dressing féminin. On le porte avec plaisir l'été et le retrouve à l'automne sous un pull ou sous une chemise ouverte.</p>;"<table frame=""void"" cellspacing=""0"" rules=""none"" border=""0""><colgroup><col width=""951"" /></colgroup><tbody><tr><td width=""951"" height=""201"" align=""left""><p><strong>Détails produit</strong></p><p>• Fines bretelles</p><p>• Couleur uni</p><p><strong>Composition et Entretien</strong></p><p>• 95% coton, 5% élasthanne</p><p>• Température de lavage 30° cycle délicat</p><p>• Température de repassage faible / blanchiment interdit</p><p>• Ne pas sécher en tambour</p><p>• Pas de nettoyage à sec</p><p><strong>Fiche produit relative aux qualités et caractéristiques environnementales</strong></p><p>• Origine de fabrication (tissage, teinture) : Bangladesh</p><p>• Confection : Bangladesh</p><p></p><p><strong>Couleurs : </strong>Beige, Saumon, Bleu roi, Rose, Vert kaki, Fushia, Chocolat</p><p><strong>Tailles : </strong>XS, S, M, L, XL</p></td></tr></tbody></table>";;Débardeur à fines bretelles;;;debardeur-a-fines-bretelles;;;1;0000-00-00;;1;;;0;;0;new;0;0;0;2;0;;;;Atout-Charme;;;;
8;1;Pantalon chino;Pantalon Homme;66.658333;1;0.000000;1;;;;;313006;0;;;;;0.000000;0.000000;0.000000;0.000000;0.000000;;;0;1;5;1;both;0.000000;;0.000000;<p>Le pantalon complice, l'essentiel, celui qui se porte partout et avec tout, en mode soirée, boulot, week-end... Idéalement adapté à la mi-saison, il est parfait avec sa matière stretch tout confort, son style près du corps et sa gamme de coloris actuels.</p>;"<table frame=""void"" cellspacing=""0"" rules=""none"" border=""0""><colgroup><col width=""951"" /></colgroup><tbody><tr><td width=""951"" height=""201"" align=""left""><p><strong>Détails produit</strong></p><p>• Coupe ajustée, jambes fittées</p><p>• 2 poches italiennes devant</p><p>• pinces</p><p>• 2 poches passepoilées dos</p><p>• Ceinture à passants fermée par glissière et boutonr</p><p><strong>Composition et Entretien</strong></p><p>• 95% coton, 5% élasthanne</p><p>• Température de lavage 30° cycle délicat</p><p>• Température de repassage faible / blanchiment interdit</p><p>• Ne pas sécher en tambour</p><p>• Pas de nettoyage à sec</p><p><strong>Couleurs : </strong>Blanc, Bleu marine, Vert kaki, Noir</p><p><strong>Tailles : </strong>XS, S, M, L, XL</p></td></tr></tbody></table>";;Pantalon chino;;;pantalon-chino;;;1;0000-00-00;;1;;;0;;0;new;0;0;0;2;0;;;;Atout-Charme;;;;
9;1;Pantalon coton;Pantalon Homme;79.158333;1;0.000000;1;;;;;313007;0;;;;;0.000000;0.000000;0.000000;0.000000;0.000000;;;0;1;5;1;both;0.000000;;0.000000;<p>Ce pantalon en coton est un basique incontournable du dressing masculin. À porter sans modération pour vivre pleinement entre ville et nature..</p>;"<table frame=""void"" cellspacing=""0"" rules=""none"" border=""0""><colgroup><col width=""951"" /></colgroup><tbody><tr><td width=""951"" height=""201"" align=""left""><p><strong>Détails produit</strong></p><p>• Pantalon coton de couleur</p><p>• Jambe droite</p><p><strong>Composition et Entretien</strong></p><p>• 100% coton</p><p>• Température de lavage 40°</p><p><strong>Couleurs : </strong>Blanc cassé, Bleu marine, Gris clair, Vert kaki</p><p><strong>Tailles : </strong>XS, S, M, L, XL</p></td></tr></tbody></table>";;Pantalon coton;;;pantalon-coton;;;1;0000-00-00;;1;;;0;;0;new;0;0;0;2;0;;;;Atout-Charme;;;;
10;1;Polo droit;Chemise Polo Homme;99.916667;1;0.000000;1;;;;;316008;3;;;;;0.000000;0.000000;0.000000;0.000000;0.000000;;;0;1;5;1;both;0.000000;;0.000000;<p>À la fois léger et classe, ce polo pour homme peut conférer à son porteur un look chic tout en restant décontracté. À porter avec un jeans, un pantalon élégant ou de sport toutes les combinaisons sont permises..</p>;"<table frame=""void"" cellspacing=""0"" rules=""none"" border=""0""><colgroup><col width=""951"" /></colgroup><tbody><tr><td width=""951"" height=""201"" align=""left""><p><strong>Détails produit</strong></p><p>• Coupe droite</p><p>•  Manches courtes</p><p>• Col polo, chemise</p><p><strong>Composition et Entretien</strong></p><p>• 100% coton</p><p>• Pour l'entretien, merci de vous référer aux indications figurant sur l'étiquette du produit</p><p><strong>Couleurs : </strong>Blanc cassé, Bleu marine, Rose, Gris foncé, Vert clair, Vert foncé</p><p><strong>Tailles : </strong>XS, S, M, L, XL</p></td></tr></tbody></table>";;Polo droit;;;polo-droit;;;1;0000-00-00;;1;;;0;;0;new;0;0;0;2;0;;;;Atout-Charme;;;;
11;1;Pull col roulé en laine;Pull Gilet Sweat Homme;66.658333;1;0.000000;1;;;;;312009;0;;;;;0.000000;0.000000;0.000000;0.000000;0.000000;;;0;1;5;1;both;0.000000;;0.000000;<p>Chaque année, nous ouvrons la saison des pulls avec plaisir. Comment résister à leur confort et à leur douceur divine ? Facile à porter au quotidien, ce pull à col roulé permet de braver le froid avec une sophistication minimaliste et un confort à toute épreuve.</p>;"<table frame=""void"" cellspacing=""0"" rules=""none"" border=""0""><colgroup><col width=""951"" /></colgroup><tbody><tr><td width=""951"" height=""201"" align=""left""><p><strong>Détails produit</strong></p><p>• Col roulé</p><p>• Finitions côtelées</p><p><strong>Composition et Entretien</strong></p><p>• 30% laine, 40% acrylique, 30% nylon</p><p>• Température de lavage 30° cycle délicat</p><p>• Température de repassage faible / blanchiment interdit</p><p>• Ne pas sécher en tambour</p><p><strong>Couleurs : </strong>Blanc cassé, Bleu marine, Brique, Noir</p><p><strong>Tailles : </strong>XS, S, M, L, XL</p></td></tr></tbody></table>";;Pull col roulé;;;pull-col-roule;;;1;0000-00-00;;1;;;0;;0;new;0;0;0;2;0;;;;Atout-Charme;;;;
12;1;Pantalon toile;Pantalon Enfant Garçon;20.825000;1;0.000000;1;;;;;614010;0;;;;;0.000000;0.000000;0.000000;0.000000;0.000000;;;0;1;5;1;both;0.000000;;0.000000;<p>Il n'y a pas que les jeans dans la mode ! ce pantalon multipoche en toile pour garçon donne style et aisance aux préados de 3 à 18 ans.</p>;"<table frame=""void"" cellspacing=""0"" rules=""none"" border=""0""><colgroup><col width=""951"" /></colgroup><tbody><tr><td width=""951"" height=""201"" align=""left""><p><strong>Détails produit</strong></p><p>• Taille standard</p><p>• Ceinture à passants</p><p>• Fermeture zippée et boutonnée</p><p><strong>Composition et Entretien</strong></p><p>• 95% coton, 5% élasthanne</p><p>• Température de lavage 30° cycle délicat</p><p>• Température de repassage faible / blanchiment interdit</p><p>• Ne pas sécher en tambour</p><p>• Pas de nettoyage à sec</p><p><strong>Fiche produit relative aux qualités et caractéristiques environnementales</strong></p><p>• Origine de fabrication (tissage, teinture, impression, confection) : Bangladesh</p><p><strong>Couleurs : </strong>Bleu marine, Brique, Vert kaki</p><p><strong>Tailles : </strong>3 ans, 4 ans, 5ans, 6 ans, 7 ans, 8 ans, 9 ans, 10 ans, 11 ans, 12 ans</p></td></tr></tbody></table>";;Pantalon toile;;;pantalon-toile;;;1;0000-00-00;;1;;;0;;0;new;0;0;0;2;0;;;;Atout-Charme;;;;
13;1;Sweatshirt à capuche;Sweat Pull Gilet Enfant Garçon;33.325000;1;0.000000;1;;;;;612011;0;;;;;0.000000;0.000000;0.000000;0.000000;0.000000;;;0;1;5;1;both;0.000000;;0.000000;<p>Ce sweatshirt est idéal en tenue de sortie avec sa taille ajustée et ses deux poches sur les côtés. Coupe droite, capuche et poches sur les côtés</p>;"<table frame=""void"" cellspacing=""0"" rules=""none"" border=""0""><colgroup><col width=""951"" /></colgroup><tbody><tr><td width=""951"" height=""201"" align=""left""><p><strong>Détails produit</strong></p><p>• Coupe droite.</p><p><strong>Composition et Entretien</strong></p><p>• 60% coton, 40% polyester</p><p>• Température de lavage 30°</p><p><strong>Couleurs : </strong>Bleu marine, Gris clair, Noir</p><p><strong>Tailles : </strong>5ans, 6 ans, 7 ans, 8 ans, 9 ans, 10 ans, 11 ans, 12 ans</p></td></tr></tbody></table>";;Sweatshirt à capuche;;;sweatshirt-capuche;;;1;0000-00-00;;1;;;0;;0;new;0;0;0;2;0;;;;Atout-Charme;;;;
14;1;Jogging en molleton;Sport Enfant Fille;10.825000;1;0.000000;1;;;;;629012;0;;;;;0.000000;0.000000;0.000000;0.000000;0.000000;;;0;1;5;1;both;0.000000;;0.000000;<p>Un style épuré idéal pour les activités sportives comme pour un style streetwear. Ce jogging en molleton est aussi confortable que pratique pour votre graine de championne. </p>;"<table frame=""void"" cellspacing=""0"" rules=""none"" border=""0""><colgroup><col width=""951"" /></colgroup><tbody><tr><td width=""951"" height=""201"" align=""left""><p><strong>Détails produit</strong></p><p>• Jogpant</p><p>• Taille standard</p><p>• Convient à la pratique sportive</p><p><strong>Composition et Entretien</strong></p><p>• 60% coton, 40% viscose</p><p>• Température de lavage 40°</p><p>• Température de repassage faible / blanchiment interdit</p><p>• Séchage en tambour faible</p><p>• Pas de nettoyage à sec</p><p><strong>Fiche produit relative aux qualités et caractéristiques environnementales</strong></p><p>• Origine de fabrication (tissage, teinture, confection) : Bangladesh</p><p><strong>Couleurs : </strong>Gris clair, Bleu marine, Rose, Noir</p><p><strong>Tailles : </strong>3 ans, 4 ans, 5ans, 6 ans, 7 ans, 8 ans, 9 ans, 10 ans, 11 ans, 12 ans</p></td></tr></tbody></table>";;Pantalon de jogging;;;pantalon-jogging;;;1;0000-00-00;;1;;;0;;0;new;0;0;0;2;0;;;;Atout-Charme;;;;
15;1;Robe rayée à bretelles;Robe Jupe Enfant Fille;7.491667;1;0.000000;1;;;;;624013;0;;;;;0.000000;0.000000;0.000000;0.000000;0.000000;;;0;1;5;1;both;0.000000;;0.000000;<p>Cette robe rayée à bretelles constitue un ensemble mode et confortable pour toutes les saisons et toutes les occasions. A compléter avec un petit gilet et des collants fantaisie en laine.</p>;"<table frame=""void"" cellspacing=""0"" rules=""none"" border=""0""><colgroup><col width=""951"" /></colgroup><tbody><tr><td width=""951"" height=""201"" align=""left""><p><strong>Détails produit</strong></p><p>• Forme : droite</p><p>• Longueur genou</p><p>• Fines bretelles amovibles, ajustables et croisées au dos</p><p>• Col carré</p><p>• Motif à rayures</p><p>• Grande poche sur la bavette</p><p>• Découpe taille soulignée de plis devant</p><p>• Haut du dos ouvert</p><p>• Taille élastiquée au dos</p><p><strong>Composition et Entretien</strong></p><p>• 98% coton, 2% élasthanne</p><p>• Température de lavage 30° cycle délicat</p><p>• Température de repassage faible / blanchiment interdit</p><p>• Ne pas sécher en tambour</p><p>• Pas de nettoyage à sec;</p><p><strong>Fiche produit relative aux qualités et caractéristiques environnementales</strong></p><p>• Origine de fabrication (tissage, teinture, confection) : Chine</p><p><strong>Couleurs : </strong>Bleu clair</p><p><strong>Tailles : </strong>3 ans, 4 ans, 5ans, 6 ans, 7 ans, 8 ans, 9 ans, 10 ans, 11 ans, 12 ans</p></td></tr></tbody></table>";;Robe rayée à bretelles;;;robe-rayee-bretelles;;;1;0000-00-00;;1;;;0;;0;new;0;0;0;2;0;;;;Atout-Charme;;;;
16;1;Polo manches longues oversize unisexe;Ado;18.325000;1;0.000000;1;;;;;500014;0;;;;;0.000000;0.000000;0.000000;0.000000;0.000000;;;0;1;5;1;both;0.000000;;0.000000;"<p>Coupe oversize, look décontracté, vestiaire confortable et intemporel. La capsule unisexe créée par La Redoute Collections s'affranchit des stéréotypes. Elle a été conçue pour tous, sans aucune distinction...
La liberté de porter le vêtement de son choix.</p>";"<table frame=""void"" cellspacing=""0"" rules=""none"" border=""0""><colgroup><col width=""951"" /></colgroup><tbody><tr><td width=""951"" height=""201"" align=""left""><p><strong>Détails produit</strong></p><p>• Manches longues</p><p>• Coupe oversize, ample</p><p>• Col classique</p><p>• Motif imprimé ""Chicago"" devant</p><p><strong>Composition et Entretien</strong></p><p>• 100% coton</p><p>• Température de lavage 40°</p><p>• Température de repassage moyenne / blanchiment interdit</p><p>• Séchage en tambour faible</p><p>• Pas de nettoyage à sec</p><p><strong>Fiche produit relative aux qualités et caractéristiques environnementales</strong></p><p>• Origine de fabrication (tissage, teinture, confection) : Inde</p><p></p><p><strong>Couleurs : </strong>Bleu marine</p><p><strong>Tailles : </strong>12ans, 13 ans, 14 ans, 15 ans, 16 ans</p></td></tr></tbody></table>";;Polo à manches longues;;;polo-manches-longues;;;1;0000-00-00;;1;;;0;;0;new;0;0;0;2;0;;;;Atout-Charme;;;;
17;1;Pull court à rayures;Sweat Pull Gilet Ado Fille;33.250000;1;0.000000;1;;;;;522015;0;;;;;0.000000;0.000000;0.000000;0.000000;0.000000;;;0;1;5;1;both;0.000000;;0.000000;<p>Pour prolonger la durée de vie de votre pull, évitez de le suspendre pour le sécher. Cela pourrait étirer le tissu et altérer sa forme. Préférez plutôt le séchage à plat pour maintenir sa forme d'origine. </p>;"<table frame=""void"" cellspacing=""0"" rules=""none"" border=""0""><colgroup><col width=""951"" /></colgroup><tbody><tr><td width=""951"" height=""201"" align=""left""><p><strong>Détails produit</strong></p><p>• Pull court</p><p>• Manches longues</p><p>• Col bateau</p><p>• Motif à rayures</p><p><strong>Composition et Entretien</strong></p><p>• 77% polyester, 20% acrylique, 3% élasthanne</p><p>• Pour l'entretien, merci de vous référer aux indications figurant sur l'étiquette du produit</p><p><strong>Couleurs : </strong>Bleu marine, Mauve, Bleu clair, Chocolat</p><p><strong>Tailles : </strong>12ans, 13 ans, 14 ans, 15 ans, 16 ans</p></td></tr></tbody></table>";;Pull court rayé;;;pull-court-raye;;;1;0000-00-00;;1;;;0;;0;new;0;0;0;2;0;;;;Atout-Charme;;;;
18;1;Jean droit 501;Pantalon Homme;91.666667;1;0.000000;1;;;;;313016;4;;;;;0.000000;0.000000;0.000000;0.000000;0.000000;;;0;1;5;1;both;0.000000;;0.000000;<p>Ce pantalon de toile très résistant est devenu le symbole même de la mode contemporaine. Un jean à une durée de vie très longue, il convient donc de le choisir avec soin.</p>;"<table frame=""void"" cellspacing=""0"" rules=""none"" border=""0""><colgroup><col width=""951"" /></colgroup><tbody><tr><td width=""951"" height=""201"" align=""left""><p><strong>Détails produit</strong></p><p>• Regular, droit</p><p>• Taille standard</p><p><strong>Composition et Entretien</strong></p><p>• 100% coton</p><p>• Pour l'entretien, merci de vous référer aux indications figurant sur l'étiquette du produit</p><p><strong>Fiche produit relative aux qualités et caractéristiques environnementales</strong></p><p>• Origine de fabrication (Confection) : Chine</p><p><strong>Couleurs : </strong>Bleu, Blanc, Bleu clair, Beige, Noir</p><p><strong>Tailles : </strong>XS, S, M, L, XL</p></td></tr></tbody></table>";;Jean Levis 501;;;jean-levis-501;;;1;0000-00-00;;1;;;0;;0;new;0;0;0;2;0;;;;Atout-Charme;;;;
19;1;Jean droit;Pantalon Femme;60.825000;1;0.000000;1;;;;;415017;0;;;;;0.000000;0.000000;0.000000;0.000000;0.000000;;;0;1;5;1;both;0.000000;;0.000000;<p>Ce jean femme séduit et s'adapte à toutes les formes du corps. Parfait en toutes occasions, les femmes arborent le jean aussi bien dans un cadre chic que décontracté. Délavé ou enduit, ce jean fashion accompagne la femme à toutes les occasions.</p>;"<table frame=""void"" cellspacing=""0"" rules=""none"" border=""0""><colgroup><col width=""951"" /></colgroup><tbody><tr><td width=""951"" height=""201"" align=""left""><p><strong>Détails produit</strong></p><p>• Regular, droit</p><p>• Taille standard</p><p><strong>Composition et Entretien</strong></p><p>• 95% coton, 5% élasthanne</p><p>• Pour l'entretien, merci de vous référer aux indications figurant sur l'étiquette du produit</p><p><strong>Couleurs : </strong>Bleu marine, Bleu clair, Gris</p><p><strong>Tailles : </strong>XS, S, M, L, XL</p></td></tr></tbody></table>";;Jean droit;;;jean-droit;;;1;0000-00-00;;1;;;0;;0;new;0;0;0;2;0;;;;Atout-Charme;;;;
20;1;Pull manches chauve-souris;Pull Gilet Sweat Femme;33.325000;1;0.000000;1;;;;;413018;0;;;;;0.000000;0.000000;0.000000;0.000000;0.000000;;;0;1;5;1;both;0.000000;;0.000000;<p>Ce pull femme est la pièce indispensable de l’hiver dans sa forme manches chauve-souris.</p>;"<table frame=""void"" cellspacing=""0"" rules=""none"" border=""0""><colgroup><col width=""951"" /></colgroup><tbody><tr><td width=""951"" height=""201"" align=""left""><p><strong>Détails produit</strong></p><p>• Manches longues</p><p>• Col bateau</p><p>• Grosse maille</p><p><strong>Composition et Entretien</strong></p><p>• 77% acrylique, 19% polyester, 4% élasthanne</p><p>• Pour l'entretien, merci de vous référer aux indications figurant sur l'étiquette du produit</p><p><strong>Couleurs : </strong>Vert clair, Gris foncé</p><p><strong>Tailles : </strong>XS, S, M, L, XL</p></td></tr></tbody></table>";;Pull manches chauve-souris;;;pull-manches-chauve-souris;;;1;0000-00-00;;1;;;0;;0;new;0;0;0;2;0;;;;Atout-Charme;;;;
21;1;T-shirt imprimé;Chemisier Tunique Débardeur Femme;16.658333;1;0.000000;1;;;;;417019;0;;;;;0.000000;0.000000;0.000000;0.000000;0.000000;;;0;1;5;1;both;0.000000;;0.000000;<p>Féminins et intemporels, ces hauts sont des essentiels de votre garde-robe. Leur couleur claire s'adapte à toutes les tendances. Quelle que soit la saison, ces basiques incontournables conviennent pour un style décontracté, tout autant que pour une tenue habillée.</p>;"<table frame=""void"" cellspacing=""0"" rules=""none"" border=""0""><colgroup><col width=""951"" /></colgroup><tbody><tr><td width=""951"" height=""201"" align=""left""><p><strong>Détails produit</strong></p><p>• Col rond</p><p>• Manches courtes</p><p>• Impression devant</p><p><strong>Composition et Entretien</strong></p><p>• 95% coton, 5% élasthanne</p><p>• Température de lavage 30° cycle délicat</p><p>• Température de repassage faible / blanchiment interdit</p><p>• Ne pas sécher en tambour</p><p><strong>Couleurs : </strong>Blanc, Bleu marine</p><p><strong>Tailles : </strong>XS, S, M, L, XL</p></td></tr></tbody></table>";;T-shirt imprimé col rond;;;t-shirt-imprime-col-rond;;;1;0000-00-00;;1;;;0;;0;new;0;0;0;2;0;;;;Atout-Charme;;;;
22;1;T-shirt Puma Squad Graphic tee;Chemisier Tunique Débardeur Femme;23.333333;1;0.000000;1;;;;;417020;5;;;;;0.000000;0.000000;0.000000;0.000000;0.000000;;;0;1;5;1;both;0.000000;;0.000000;<p>Ce t-shirt PUMA SQUAD Graphic Tee Women facile à porter est orné d'un graphisme d'inspiration athlétique sur la poitrine, pour ajouter une touche de dynamisme à votre tenue.</p>;"<table frame=""void"" cellspacing=""0"" rules=""none"" border=""0""><colgroup><col width=""951"" /></colgroup><tbody><tr><td width=""951"" height=""201"" align=""left""><p><strong>Détails produit</strong></p><p>• Col rond</p><p>• Manches courtes</p><p>• Impression logo devant</p><p><strong>Composition et Entretien</strong></p><p>• 100% coton</p><p>• Pour l'entretien, merci de vous référer aux indications figurant sur l'étiquette du produit</p><p><strong>Fiche produit relative aux qualités et caractéristiques environnementales</strong></p><p>• Origine de fabrication (tissage) : Chine</p><p>• Confection : Bangladesh</p><p></p><p><strong>Couleurs : </strong>Bordeaux, Gris clair</p><p><strong>Tailles : </strong>XS, S, M, L, XL</p></td></tr></tbody></table>";;T-shirt à manches courtes;;;t-shirt-manches-courtes;;;1;0000-00-00;;1;;;0;;0;new;0;0;0;2;0;;;;Atout-Charme;;;;
23;1;Robe droite manches 3/4;Robe Femme;20.825000;1;0.000000;1;;;;;412021;0;;;;;0.000000;0.000000;0.000000;0.000000;0.000000;;;0;1;5;1;both;0.000000;;0.000000;<p>En été, cette robe courte dévoile les gambettes bronzées et se pare de toutes les fantaisies, assortie de fines sandales ou simplement de pieds nus pour profiter du sable fin ! On portera la robe courte en hiver, avec un collant opaque et des bottes ou des cuissardes en suède.</p>;"<table frame=""void"" cellspacing=""0"" rules=""none"" border=""0""><colgroup><col width=""951"" /></colgroup><tbody><tr><td width=""951"" height=""201"" align=""left""><p><strong>Détails produit</strong></p><p>• Forme : droite</p><p>• Courte</p><p>• Manches 3/4</p><p>• Col rond</p><p><strong>Composition et Entretien</strong></p><p>• 82% polyester, 13% viscose, 5% élasthanne</p><p>• Pour l'entretien, merci de vous référer aux indications figurant sur l'étiquette du produit</p><p><strong>Couleurs : </strong>Vert foncé, Noir</p><p><strong>Tailles : </strong>XS, S, M, L, XL</p></td></tr></tbody></table>";;Robe manches ¾;;;robe-manches-3-4;;;1;0000-00-00;;1;;;0;;0;new;0;0;0;2;0;;;;Atout-Charme;;;;
24;1;Robe courte portefeuille;Robe Femme;66.658333;1;0.000000;1;;;;;412022;0;;;;;0.000000;0.000000;0.000000;0.000000;0.000000;;;0;1;5;1;both;0.000000;;0.000000;<p>Cette robe courte portefeuille, avec des manches longues et bouffantes, resserrer à la taille avec son élastique, elle soulignera votre taille.</p>;"<table frame=""void"" cellspacing=""0"" rules=""none"" border=""0""><colgroup><col width=""951"" /></colgroup><tbody><tr><td width=""951"" height=""201"" align=""left""><p><strong>Détails produit</strong></p><p>• Robe courte</p><p>• Coupe droite</p><p>• Manches longues et bouffantes</p><p><strong>Composition et Entretien</strong></p><p>• 95% coton, 5% élasthanne</p><p>• Température de lavage 30° cycle délicat</p><p>• Température de repassage faible / blanchiment interdit</p><p>• Ne pas sécher en tambour</p><p>• Pas de nettoyage à sec</p><p><strong>Couleurs : </strong>Vert, Bleur</p><p><strong>Tailles : </strong>XS, S, M, L, XL</p></td></tr></tbody></table>";;Robe courte portefeuille;;;robe-courte-portefeuille;;;1;0000-00-00;;1;;;0;;0;new;0;0;0;2;0;;;;Atout-Charme;;;;
25;1;Robe en maille à manches longues;Robe Femme;33.325000;1;0.000000;1;;;;;412023;0;;;;;0.000000;0.000000;0.000000;0.000000;0.000000;;;0;1;5;1;both;0.000000;;0.000000;<p>En quête d'une robe en maille ? Cette robe-pull allie confort et féminité. Ses manches longues et sa maille douce font de cette robe longueur genou un modèle idéal pour les journées fraîches d'automne.</p>;"<table frame=""void"" cellspacing=""0"" rules=""none"" border=""0""><colgroup><col width=""951"" /></colgroup><tbody><tr><td width=""951"" height=""201"" align=""left""><p><strong>Détails produit</strong></p><p>• Robe basique simple en maille</p><p>• Bords côtelés</p><p>• Tissu doux</p><p><strong>Composition et Entretien</strong></p><p>• 50% Viscose, 27% Nylon, 23% Polyester</p><p>• Pour l'entretien, merci de vous référer aux indications figurant sur l'étiquette du produit</p><p><strong>Couleurs : </strong>Beige, Gris foncé, Chocolat, Noir</p><p><strong>Tailles : </strong>XS, S, M, L, XL</p></td></tr></tbody></table>";;Robe pull;;;robe-pull;;;1;0000-00-00;;1;;;0;;0;new;0;0;0;2;0;;;;Atout-Charme;;;;
26;1;Blazer;Veste Blouson Femme;41.658333;1;0.000000;1;;;;;416024;0;;;;;0.000000;0.000000;0.000000;0.000000;0.000000;;;0;1;5;1;both;0.000000;;0.000000;<p>Vous avez un doute sur ce que vous devez porter ? Enfilez un blazer. Ce blazer est votre meilleur choix. Que vous le portiez par-dessus un simple t-shirt, le blazer apporte toujours un côté sophistiqué et une touche classe. Portez-le avec un jean large et des chaussures à talons pour un look de tous les jours.</p>;"<table frame=""void"" cellspacing=""0"" rules=""none"" border=""0""><colgroup><col width=""951"" /></colgroup><tbody><tr><td width=""951"" height=""201"" align=""left""><p><strong>Détails produit</strong></p><p>• Regular Fit</p><p>• Poches avant</p><p>• Revers à encoche</p><p><strong>Composition et Entretien</strong></p><p>• Superposition: 78% Polyester, 22% Viscose; Doublure: 100% Polyester</p><p>• Pour l'entretien, merci de vous référer aux indications figurant sur l'étiquette du produit</p><p><strong>Couleurs : </strong>Gris, Rose, Noir</p><p><strong>Tailles : </strong>XS, S, M, L, XL</p></td></tr></tbody></table>";;Blazer;;;blazer;;;1;0000-00-00;;1;;;0;;0;new;0;0;0;2;0;;;;Atout-Charme;;;;
27;1;Sweat à capuche;Pull Gilet Sweat Homme;62.500000;1;0.000000;1;;;;;312025;4;;;;;0.000000;0.000000;0.000000;0.000000;0.000000;;;0;1;5;1;both;0.000000;;0.000000;<p>Ce sweat-shirt rehausse le look sobre des hommes actifs. Idéal à la mis-saison, il est munis de poches et très fonctionnel pour les activités de plein air</p>;"<table frame=""void"" cellspacing=""0"" rules=""none"" border=""0""><colgroup><col width=""951"" /></colgroup><tbody><tr><td width=""951"" height=""201"" align=""left""><p><strong>Détails produit</strong></p><p>• Capuche</p><p>• Manches longues</p><p>• Longueur : standard</p><p><strong>Composition et Entretien</strong></p><p>• 100% coton</p><p>• Pour l'entretien, merci de vous référer aux indications figurant sur l'étiquette du produit</p><p><strong>Couleurs : </strong>Bleu, Rouge, Noir</p><p><strong>Tailles : </strong>XS, S, M, L, XL</p></td></tr></tbody></table>";;Sweatshirt à capuche;;;sweatshirt-capuche;;;1;0000-00-00;;1;;;0;;0;new;0;0;0;2;0;;;;Atout-Charme;;;;
28;1;T-shirt imprimé;T-shirt Homme;16.658332;1;0.000000;1;;;;;315026;6;;;;;0.000000;0.000000;0.000000;0.000000;0.000000;;;0;1;5;1;both;0.000000;;0.000000;<p>Même habillés décontractés, les adeptes de cette marque de prêt-à-porter homme gardent un look stylé très masculin, toujours confortable. La coupe de ce T-shirt met en valeur la carrure pour une allure streetwear assumée.</p>;"<table frame=""void"" cellspacing=""0"" rules=""none"" border=""0""><colgroup><col width=""951"" /></colgroup><tbody><tr><td width=""951"" height=""201"" align=""left""><p><strong>Détails produit</strong></p><p>• Manches courtes</p><p>• Col rond</p><p>• Motif imprimé</p><p><strong>Composition et Entretien</strong></p><p>• 100% coton</p><p>•Pour l'entretien, merci de vous référer aux indications figurant sur l'étiquette du produit</p><p><strong>Fiche produit relative aux qualités et caractéristiques environnementales</strong></p><p>• Origine de fabrication (tissage, teinture, impression, confection) : Bangladesh</p><p><strong>Couleurs : </strong>Blanc, Beige, Bleu, Vert,  Noir</p><p><strong>Tailles : </strong>XS, S, M, L, XL</p></td></tr></tbody></table>";;T-shirt imprimé col rond;;;t-shirt-imprime-col-rond;;;1;0000-00-00;;1;;;0;;0;new;0;0;0;2;0;;;;Atout-Charme;;;;
29;1;Bermuda uni;Pantacourt Bermuda Short Homme;29.158333;1;0.000000;1;;;;;317027;0;;;;;0.000000;0.000000;0.000000;0.000000;0.000000;;;0;1;5;1;both;0.000000;;0.000000;<p>Ce bermuda en coton et lin uni apporte douceur et confort au quotidien.</p>;"<table frame=""void"" cellspacing=""0"" rules=""none"" border=""0""><colgroup><col width=""951"" /></colgroup><tbody><tr><td width=""951"" height=""201"" align=""left""><p><strong>Détails produit</strong></p><p>• Taille : standard</p><p>• 2 poches côtés</p><p>• 2 poches derrière</p><p><strong>Composition et Entretien</strong></p><p>• 75% Coton, 25% Lin.</p><p>• Température de lavage 30° cycle délicat</p><p>• Température de repassage faible / blanchiment interdit</p><p>• Ne pas sécher en tambour</p><p>• Pas de nettoyage à sec</p><p><strong>Couleurs : </strong>Sable, Gris, Blanc cassé, gris foncé</p><p><strong>Tailles : </strong>XS, S, M, L, XL</p></td></tr></tbody></table>";;Bermuda uni;;;bermuda-uni;;;1;0000-00-00;;1;;;0;;0;new;0;0;0;2;0;;;;Atout-Charme;;;;
30;1;Costume 2 pièces;Costume Blazer Homme;249.166667;1;0.000000;1;;;;;318028;0;;;;;0.000000;0.000000;0.000000;0.000000;0.000000;;;0;1;5;1;both;0.000000;;0.000000;<p>Vous adopterez un look plus décontracté tout à fait adapté en ville, avec ce costume 2 pièces</p>;"<table frame=""void"" cellspacing=""0"" rules=""none"" border=""0""><colgroup><col width=""951"" /></colgroup><tbody><tr><td width=""951"" height=""201"" align=""left""><p><strong>Détails produit</strong></p><p>Veste :</p><p>• Coupe cintrée</p><p>• Veste droite</p><p>• Boutonnières de manches fermées</p><p>• 1 poche poitrine passepoilée</p><p>• 2 poches latérales passepoilées</p><p>• Bas de veste arrondi</p><p>Pantalon :</p><p>• Coupe droite</p><p>• Fermeture à zip</p><p>• Poches arrières à boutons</p><p><strong>Composition et Entretien</strong></p><p>• 80% polyester, 20% viscose</p><p>• Pour l'entretien, merci de vous référer aux indications figurant sur l'étiquette du produit</p><p><strong>Couleurs : </strong>Bleu, Blanc cassé, Taupe, Gris, gris foncé</p><p><strong>Tailles : </strong>XS, S, M, L, XL</p></td></tr></tbody></table>";;Costume;;;costume;;;1;0000-00-00;;1;;;0;;0;new;0;0;0;2;0;;;;Atout-Charme;;;;
31;1;Robe longue;Robe Femme;33.325000;1;0.000000;1;;;;;412029;0;;;;;0.000000;0.000000;0.000000;0.000000;0.000000;;;0;1;5;1;both;0.000000;;0.000000;<p>Robe longue près du corps</p>;"<table frame=""void"" cellspacing=""0"" rules=""none"" border=""0""><colgroup><col width=""951"" /></colgroup><tbody><tr><td width=""951"" height=""201"" align=""left""><p><strong>Détails produit</strong></p><p>• Coupe moulante</p><p>• Col bateau</p><p>• Manches longues poignets resserrés</p><p>• Fente côté</p><p><strong>Composition et Entretien</strong></p><p>• 92% polyamide, 8% elasthanne</p><p>• Doublure : 100% polyester</p><p>• Nettoyage par un spécialiste du cuir uniquement</p><p><strong>Couleurs : </strong>Vert kaki, Blanc cassé, Noir</p><p><strong>Tailles : </strong>XS, S, M, L, XL</p></td></tr></tbody></table>";;Robe longue;;;robe-longue;;;1;0000-00-00;;1;;;0;;0;new;0;0;0;2;0;;;;Atout-Charme;;;;
32;1;Jupe droite en cuir de mouton, mi-longue;Jupe Femme;124.166667;1;0.000000;1;;;;;414030;0;;;;;0.000000;0.000000;0.000000;0.000000;0.000000;;;0;1;5;1;both;0.000000;;0.000000;<p>La jupe en cuir, chic et élégante. Ceinture montée avec jeux de surpiqûres. Poches devant fantaisie surpiquées. Jeux de découpes devant dos. Glissière invisible dos.</p>;"<table frame=""void"" cellspacing=""0"" rules=""none"" border=""0""><colgroup><col width=""951"" /></colgroup><tbody><tr><td width=""951"" height=""201"" align=""left""><p><strong>Détails produit</strong></p><p>• Forme : droite</p><p>• Longueur genou</p><p><strong>Composition et Entretien</strong></p><p>• Matière principale : 100% cuir de mouton</p><p>• Température de lavage 30° cycle délicat</p><p>• Température de repassage faible / blanchiment interdit</p><p>• Ne pas sécher en tambour</p><p>• Pas de nettoyage à sec</p><p><strong>Fiche produit relative aux qualités et caractéristiques environnementales</strong></p><p>• Origine de fabrication (tissage, teinture) : Turquie</p><p>• Confection : Tunisie</p><p></p><p><strong>Couleurs : </strong>Marron, Chocolat, Noir</p><p><strong>Tailles : </strong>XS, S, M, L, XL</p></td></tr></tbody></table>";;Jupe cuir;;;jupe-cuir;;;1;0000-00-00;;1;;;0;;0;new;0;0;0;2;0;;;;Atout-Charme;;;;
33;1;Legging long;Pantalon Femme;12.416667;1;0.000000;1;;;;;415031;0;;;;;0.000000;0.000000;0.000000;0.000000;0.000000;;;0;1;5;1;both;0.000000;;0.000000;<p>Misez ce legging long, inspiré des années 80 : un basique incontournable du dressing, hyper confortable et facile à associer. À porter avec un long pull oversize, une chemise ou un T-shirt.</p>;"<table frame=""void"" cellspacing=""0"" rules=""none"" border=""0""><colgroup><col width=""951"" /></colgroup><tbody><tr><td width=""951"" height=""201"" align=""left""><p><strong>Détails produit</strong></p><p>• Legging</p><p>• Taille élastiquée</p><p><strong>Mesures du produit en taille 38/M</strong></p><p>• Longueur de l’entrejambe : 70 cm</p><p>• Largeur du bas : 13 cm</p><p><strong>Composition et Entretien</strong></p><p>• 95% coton, 5% élasthanne</p><p>• Température de lavage 30° cycle délicat</p><p>• Température de repassage faible / blanchiment interdit</p><p>• Ne pas sécher en tambour</p><p>• Pas de nettoyage à sec</p><p><strong>Fiche produit relative aux qualités et caractéristiques environnementales</strong></p><p>• Origine de fabrication (tissage, teinture, confection) : Turquie</p><p><strong>Couleurs : </strong>Bleu marine, Noir</p><p><strong>Tailles : </strong>XS, S, M, L, XL</p></td></tr></tbody></table>";;Legging;;;legging;;;1;0000-00-00;;1;;;0;;0;new;0;0;0;2;0;;;;Atout-Charme;;;;
34;1;Chemise en lin;Chemise Polo Homme;58.250000;1;0.000000;1;;;;;316032;0;;;;;0.000000;0.000000;0.000000;0.000000;0.000000;;;0;1;5;1;both;0.000000;;0.000000;<p>Paraissez sous votre meilleur jour vêtu d'une chemise intemporelle accompagnée d'un jean ou d'un pantalon habillé : une tenue idéale pour le quotidien, le bureau et les occasions spéciales.</p>;"<table frame=""void"" cellspacing=""0"" rules=""none"" border=""0""><colgroup><col width=""951"" /></colgroup><tbody><tr><td width=""951"" height=""201"" align=""left""><p><strong>Détails produit</strong></p><p>• Col chemise</p><p>• Manches longues</p><p>• Fermeture par bouton</p><p><strong>Composition et Entretien</strong></p><p>• 100% lin</p><p>• Température de lavage 30° cycle délicat</p><p>• Température de repassage faible / blanchiment interdit</p><p>• Ne pas sécher en tambour</p><p>• Pas de nettoyage à sec</p><p><strong>Couleurs : </strong>Blanc, Blanc cassé, Rose, Bleu clair, Bleu foncé, Noir</p><p><strong>Tailles : </strong>XS, S, M, L, XL</p></td></tr></tbody></table>";;Chemise en lin;;;chemise-lin;;;1;0000-00-00;;1;;;0;;0;new;0;0;0;2;0;;;;Atout-Charme;;;;
35;1;T-shirt imprimé;T-shirt Chemise Polo Enfant Garçon;10.825000;1;0.000000;1;;;;;613033;0;;;;;0.000000;0.000000;0.000000;0.000000;0.000000;;;0;1;5;1;both;0.000000;;0.000000;<p>Plein d'idées mode pour jouer avec les tendances et faire plaisir aux enfants sages.</p>;"<table frame=""void"" cellspacing=""0"" rules=""none"" border=""0""><colgroup><col width=""951"" /></colgroup><tbody><tr><td width=""951"" height=""201"" align=""left""><p><strong>Détails produit</strong></p><p>• Manches courtes</p><p>• Col rond</p><p>• Motif devant</p><p><strong>Composition et Entretien</strong></p><p>• 100% coton</p><p>• Pour l'entretien, merci de vous référer aux indications figurant sur l'étiquette du produit</p><p><strong>Fiche produit relative aux qualités et caractéristiques environnementales</strong></p><p>• Origine de fabrication (teinture, impression) : Bangladesh</p><p>• Confection : Bangladesh</p><p></p><p><strong>Couleurs : </strong>Blanc, Vert foncé, Bleu</p><p><strong>Tailles : </strong>5ans, 6 ans, 7 ans, 8 ans, 9 ans, 10 ans, 11 ans, 12 ans</p></td></tr></tbody></table>";;T-shirt imprimé col rond;;;t-shirt-imprime-col-rond;;;1;0000-00-00;;1;;;0;;0;new;0;0;0;2;0;;;;Atout-Charme;;;;
36;1;Pyjama long;Pyjama Robe de chambre Enfant Garçon;20.825000;1;0.000000;1;;;;;615034;0;;;;;0.000000;0.000000;0.000000;0.000000;0.000000;;;0;1;5;1;both;0.000000;;0.000000;<p>Sommeil garantie avec ce pyjama long à rayures et son t-shirt assorti</p>;"<table frame=""void"" cellspacing=""0"" rules=""none"" border=""0""><colgroup><col width=""951"" /></colgroup><tbody><tr><td width=""951"" height=""201"" align=""left""><p><strong>Détails produit</strong></p><p>• Pack T-shirt et pantalon de pyjama</p><p>• Col rond</p><p>• Poche sur la poitrine</p><p><strong>Composition et Entretien</strong></p><p>• 100% coton</p><p>• Pour l'entretien, merci de vous référer aux indications figurant sur l'étiquette du produit</p><p><strong>Couleurs : </strong>Gris clair, Bleu marine</p><p><strong>Tailles : </strong>5ans, 6 ans, 7 ans, 8 ans, 9 ans, 10 ans, 11 ans, 12 ans</p></td></tr></tbody></table>";;Pyjama long;;;pyjama-long;;;1;0000-00-00;;1;;;0;;0;new;0;0;0;2;0;;;;Atout-Charme;;;;
37;1;Chemise col Mao;T-shirt Chemise Polo Enfant Garçon;12.416667;1;0.000000;1;;;;;613035;0;;;;;0.000000;0.000000;0.000000;0.000000;0.000000;;;0;1;5;1;both;0.000000;;0.000000;<p>Intemporelle et confectionnée dans un mélange lin et coton chic et agréable à porter, cette chemise est parfaite pour les jours de fête ou pour un petit look casual aux beaux jours.</p>;"<table frame=""void"" cellspacing=""0"" rules=""none"" border=""0""><colgroup><col width=""951"" /></colgroup><tbody><tr><td width=""951"" height=""201"" align=""left""><p><strong>Détails produit</strong></p><p>• col Mao</p><p>• Coupe droite</p><p>• Manches longues</p><p><strong>Composition et Entretien</strong></p><p>• 89% coton, 11% lin</p><p>•  Température de lavage 40°</p><p>•  Température de repassage faible / blanchiment interdit</p><p>• Séchage en tambour faible</p><p>• Pas de nettoyage à sec</p><p><strong>Fiche produit relative aux qualités et caractéristiques environnementales</strong></p><p>•Origine de fabrication (tissage, teinture, impression, confection) : Inde</p><p><strong>Couleurs : </strong>Blanc, Blanc cassé, Bleu clair</p><p><strong>Tailles : </strong>5ans, 6 ans, 7 ans, 8 ans, 9 ans, 10 ans, 11 ans, 12 ans</p></td></tr></tbody></table>";;Chemise col Mao;;;chemise-col-mao;;;1;0000-00-00;;1;;;0;;0;new;0;0;0;2;0;;;;Atout-Charme;;;;
38;1;Ensemble de jogging;Ado;60.825000;1;0.000000;1;;;;;500036;7;;;;;0.000000;0.000000;0.000000;0.000000;0.000000;;;0;1;5;1;both;0.000000;;0.000000;<p>Athlète de haut niveau ou joggeur du dimanche, cet ensemble de jogging vous propose tout ce qu'il faut pour garder la forme.</p>;"<table frame=""void"" cellspacing=""0"" rules=""none"" border=""0""><colgroup><col width=""951"" /></colgroup><tbody><tr><td width=""951"" height=""201"" align=""left""><p><strong>Détails produit</strong></p><p>• Veste manches longues</p><p>• Fermeture zippée</p><p>• Pantalon taille élastiquée</p><p>• Poches latérales pantalon et veste</p><p><strong>Composition et Entretien</strong></p><p>• 100% polyester</p><p>• Pour l'entretien, merci de vous référer aux indications figurant sur l'étiquette du produit</p><p><strong>Couleurs : </strong>Bleu marine, Noir</p><p><strong>Tailles : </strong>12ans, 13 ans, 14 ans, 15 ans, 16 ans</p></td></tr></tbody></table>";;Ensemble de jogging;;;ensemble-jogging;;;1;0000-00-00;;1;;;0;;0;new;0;0;0;2;0;;;;Atout-Charme;;;;
39;1;Short de bain;Sous-vêtements Enfant Garçon;24.916667;1;0.000000;1;;;;;616037;0;;;;;0.000000;0.000000;0.000000;0.000000;0.000000;;;0;1;5;1;both;0.000000;;0.000000;<p>Ce short de bain, a reçu un traitement déperlant Durable Water Repellent [DWR], pour vous garder au sec et vous protéger des éléments</p>;"<table frame=""void"" cellspacing=""0"" rules=""none"" border=""0""><colgroup><col width=""951"" /></colgroup><tbody><tr><td width=""951"" height=""201"" align=""left""><p><strong>Détails produit</strong></p><p>• Coupe Layback fit décontractée</p><p>• Taille lasso entièrement élastiquée</p><p>• Poche arrière plaquée avec rabat et fermeture à scratch</p><p><strong>Composition et Entretien</strong></p><p>• 100% Polyester</p><p><strong>Couleurs : </strong>Saumon, Rose, Bleu clair, Bordeaux, Bleu, Noir</p><p><strong>Tailles : </strong>5ans, 6 ans, 7 ans, 8 ans, 9 ans, 10 ans, 11 ans, 12 ans</p></td></tr></tbody></table>";;Short de bain;;;short-bain;;;1;0000-00-00;;1;;;0;;0;new;0;0;0;2;0;;;;Atout-Charme;;;;
40;1;Jean slim original;Pantalon Enfant Garçon;29.083333;1;0.000000;1;;;;;614038;0;;;;;0.000000;0.000000;0.000000;0.000000;0.000000;;;0;1;5;1;both;0.000000;;0.000000;<p>Original est le détail classique des cinq poches. Intemporel, simple et comme il l'a été depuis le tout début. C'est ce qui en fait un produit sur lequel on peut toujours compter, comme tout bon jean.</p>;"<table frame=""void"" cellspacing=""0"" rules=""none"" border=""0""><colgroup><col width=""951"" /></colgroup><tbody><tr><td width=""951"" height=""201"" align=""left""><p><strong>Détails produit</strong></p><p>• Jean slim</p><p>• Taille basse</p><p><strong>Composition et Entretien</strong></p><p>• 100% coton</p><p>• Pour l'entretien, merci de vous référer aux indications figurant sur l'étiquette du produit</p><p><strong>Couleurs : </strong>Blanc, Bleu clair, Bleu, Gris clair, Noir</p><p><strong>Tailles : </strong>5ans, 6 ans, 7 ans, 8 ans, 9 ans, 10 ans, 11 ans, 12 ans</p></td></tr></tbody></table>";;Jean slim;;;jean-slim;;;1;0000-00-00;;1;;;0;;0;new;0;0;0;2;0;;;;Atout-Charme;;;;
41;1;Salopette en jean;Pantalon Enfant Fille;29.083333;1;0.000000;1;;;;;625039;0;;;;;0.000000;0.000000;0.000000;0.000000;0.000000;;;0;1;5;1;both;0.000000;;0.000000;<p>La salopette en jean fait son retour et impose son style seventies pile dans la tendance ! Une nouvelle coupe un peu loose et tous les bons détails... C'est LA bonne pièce à adopter cette saison !</p>;"<table frame=""void"" cellspacing=""0"" rules=""none"" border=""0""><colgroup><col width=""951"" /></colgroup><tbody><tr><td width=""951"" height=""201"" align=""left""><p><strong>Détails produit</strong></p><p>• Bretelles réglables</p><p>• Bavette avec poche</p><p>• Passants à la taille</p><p>• Fermeture sur les côtés boutonnée</p><p>• 2 poches devant</p><p>• 2 poches au dos</p><p><strong>Composition et Entretien</strong></p><p>• 83% coton, 15% polyester, 2% élasthanne</p><p>•  Température de lavage 30° cycle délicat</p><p>•  Température de repassage faible / blanchiment interdit</p><p>• Séchage en tambour faible</p><p>•  Pas de nettoyage à sec&lt;/p&gt;</p><p><strong>Fiche produit relative aux qualités et caractéristiques environnementales</strong></p><p>• Origine de fabrication (tissage, teinture, impression, confection) : Bangladesh</p><p><strong>Couleurs : </strong>Bleu clair, Noir</p><p><strong>Tailles : </strong>5ans, 6 ans, 7 ans, 8 ans, 9 ans, 10 ans, 11 ans, 12 ans</p></td></tr></tbody></table>";;Salopette en jean;;;salopette-jean;;;1;0000-00-00;;1;;;0;;0;new;0;0;0;2;0;;;;Atout-Charme;;;;
42;1;Chemise de nuit;Pyjama Robe de chambre Enfant Fille;12.416667;1;0.000000;1;;;;;626040;0;;;;;0.000000;0.000000;0.000000;0.000000;0.000000;;;0;1;5;1;both;0.000000;;0.000000;<p>Envie de varier les styles ? Laissez-vous séduire par les différents modèles de cette chemise de nuit pour plus d'originalité.</p>;"<table frame=""void"" cellspacing=""0"" rules=""none"" border=""0""><colgroup><col width=""951"" /></colgroup><tbody><tr><td width=""951"" height=""201"" align=""left""><p><strong>Détails produit</strong></p><p>• Chemise de nuit imprimé</p><p>• Fines bretelles</p><p><strong>Composition et Entretien</strong></p><p>• 100% coton</p><p>• Pour l'entretien, merci de vous référer aux indications figurant sur l'étiquette du produit</p><p><strong>Fiche produit relative aux qualités et caractéristiques environnementales</strong></p><p>• Origine de fabrication (tissage, teinture) : Turquie</p><p>• Confection : Tunisie</p><p></p><p><strong>Couleurs : </strong>Bleu, Rose</p><p><strong>Tailles : </strong>5ans, 6 ans, 7 ans, 8 ans, 9 ans, 10 ans, 11 ans, 12 ans</p></td></tr></tbody></table>";;Chemise de nuit;;;chemise-nuit;;;1;0000-00-00;;1;;;0;;0;new;0;0;0;2;0;;;;Atout-Charme;;;;
43;1;Chemisier brodé;T-shirt Débardeur Chemisier Enfant Fille;33.325000;1;0.000000;1;;;;;623041;0;;;;;0.000000;0.000000;0.000000;0.000000;0.000000;;;0;1;5;1;both;0.000000;;0.000000;<p>Bien-être et décontraction dans ce chemisier brodé, qui vous rendra des plus élégantes</p>;"<table frame=""void"" cellspacing=""0"" rules=""none"" border=""0""><colgroup><col width=""951"" /></colgroup><tbody><tr><td width=""951"" height=""201"" align=""left""><p><strong>Détails produit</strong></p><p>• Manche courte</p><p>• Col bateau</p><p>• Broderie à l'anglaise</p><p><strong>Composition et Entretien</strong></p><p>•  95% coton, 5% élasthanne</p><p>•  Température de lavage 30° cycle délicat</p><p>•  Température de repassage faible / blanchiment interdit</p><p>•  Ne pas sécher en tambour</p><p>•  Pas de nettoyage à sec&lt;/p&gt;</p><p><strong>Fiche produit relative aux qualités et caractéristiques environnementales</strong></p><p>• Origine de fabrication (tissage, teinture) : Turquie</p><p>• Confection : Tunisie</p><p></p><p><strong>Couleurs : </strong>Blanc, Jaune, Rose</p><p><strong>Tailles : </strong>5ans, 6 ans, 7 ans, 8 ans, 9 ans, 10 ans, 11 ans, 12 ans</p></td></tr></tbody></table>";;Chemisier brodé;;;chemisier-brode;;;1;0000-00-00;;1;;;0;;0;new;0;0;0;2;0;;;;Atout-Charme;;;;
44;1;Bermuda short;Pantacourt Bermuda Short Homme;29.158333;1;0.000000;1;;;;;317042;0;;;;;0.000000;0.000000;0.000000;0.000000;0.000000;;;0;1;5;1;both;0.000000;;0.000000;<p>Mix entre la matière du chino et du jogging, le Blue Jogg adopte le style et l'aspect du chino et permet une liberté de mouvement inégalable. Idéal pour voyager..</p>;"<table frame=""void"" cellspacing=""0"" rules=""none"" border=""0""><colgroup><col width=""951"" /></colgroup><tbody><tr><td width=""951"" height=""201"" align=""left""><p><strong>Détails produit</strong></p><p>• Coupe : short</p><p>• Hauteur de taille : standard</p><p>• Type de fermeture : zippée</p><p><strong>Composition et Entretien</strong></p><p>• 61% polyester, 39% coton</p><p>• Pour l'entretien, merci de vous référer aux indications figurant sur l'étiquette du produit</p><p><strong>Fiche produit relative aux qualités et caractéristiques environnementales</strong></p><p>• Origine de fabrication (tissage, teinture, impression, confection) : Bangladesh</p><p></p><p><strong>Couleurs</strong> Orange, Vert clair, Bleu clair, Bleu marine, Gris clair, Vert kaki, Noir</p><p><strong>Tailles</strong> XS, S, M, L, XL</p></td></tr></tbody></table>";;Bermuda uni;;;bermuda-uni;;;1;0000-00-00;;1;;;0;;0;new;0;0;0;2;0;;;;Atout-Charme;;;;
45;1;Doudoune sans manches à capuche;Manteau Doudoune Homme;166.583333;1;0.000000;1;;;;;311043;0;;;;;0.000000;0.000000;0.000000;0.000000;0.000000;;;0;1;5;1;both;0.000000;;0.000000;<p>La qualité de la garniture est essentielle quand il s’agit de chaleur. Ces doudounes homme sont remplies de duvet véritable pour une isolation maximale.</p>;"<table frame=""void"" cellspacing=""0"" rules=""none"" border=""0""><colgroup><col width=""951"" /></colgroup><tbody><tr><td width=""951"" height=""201"" align=""left""><p><strong>Détails produit</strong></p><p>• Longueur : court</p><p>• Col montant pressionné</p><p>• Fermeture zippée</p><p>• Capuche fixe</p><p>• Logo poitrine et logo coté au dos</p><p>• 2 poches biais côtés</p><p><strong>Composition et Entretien</strong></p><p>• Matière principale : 100% polyester</p><p>• Doublure : 100% polyester</p><p>• Garnissage : 100% duvet</p><p>• Pour l'entretien, merci de vous référer aux indications figurant sur l'étiquette du produit</p><p><strong>Fiche produit relative aux qualités et caractéristiques environnementales</strong></p><p>• Origine de fabrication (tissage, teinture, impression, confection) : Chine</p><p>• Rejette des microfibres plastiques dans l'environnement lors du lavage.</p><p><strong>Couleurs : </strong>Jaune, Vert foncé, Bleu</p><p><strong>Tailles : </strong>XS, S, M, L, XL</p></td></tr></tbody></table>";;Doudoune sans manches;;;doudoune-sans-manches;;;1;0000-00-00;;1;;;0;;0;new;0;0;0;2;0;;;;Atout-Charme;;;;
46;1;Pyjama court;Pantacourt Bermuda Short Homme;29.083333;1;0.000000;1;;;;;317044;0;;;;;0.000000;0.000000;0.000000;0.000000;0.000000;;;0;1;5;1;both;0.000000;;0.000000;<p>Le sommeil, c'est sacré! Et pour des nuits de douceur absolu, ce pyjama court pour homme se présentent comme la parure nocturne idéale.</p>;"<table frame=""void"" cellspacing=""0"" rules=""none"" border=""0""><colgroup><col width=""951"" /></colgroup><tbody><tr><td width=""951"" height=""201"" align=""left""><p><strong>Détails produit</strong></p><p>• Haut boutonné col pointes</p><p>• Taille élastiquée unie contrastante avec cordon de serrage</p><p>• Poche plaquée devant</p><p><strong>Composition et Entretien</strong></p><p>• 100% coton</p><p>•  Température de lavage 40°</p><p>• Température de repassage moyenne / blanchiment interdit</p><p>• Séchage en tambour faible</p><p>• Pas de nettoyage à sec</p><p><strong>Fiche produit relative aux qualités et caractéristiques environnementales</strong></p><p>• Origine de fabrication (tissage, teinture, impression, confection) : Chine</p><p><strong>Couleurs : </strong>Bleu clair, Bleu, Bleu marine</p><p><strong>Tailles : </strong>XS, S, M, L, XL</p></td></tr></tbody></table>";;Pyjama court;;;pyjama-court;;;1;0000-00-00;;1;;;0;;0;new;0;0;0;2;0;;;;Atout-Charme;;;;
47;1;Sweat à capuche;Ado;41.658333;1;0.000000;1;;;;;500045;7;;;;;0.000000;0.000000;0.000000;0.000000;0.000000;;;0;1;5;1;both;0.000000;;0.000000;<p>Avec un jogging ou un jean baggy, ce sweat se porte en toutes circonstances.</p>;"<table frame=""void"" cellspacing=""0"" rules=""none"" border=""0""><colgroup><col width=""951"" /></colgroup><tbody><tr><td width=""951"" height=""201"" align=""left""><p><strong>Détails produit</strong></p><p>• Col rond</p><p>• Manches longues</p><p>• Capuche croisée facile à enfiler et à retirer</p><p><strong>Composition et Entretien</strong></p><p>• 80% coton, 20% polyester</p><p>• Pour l'entretien, merci de vous référer aux indications figurant sur l'étiquette du produit</p><p><strong>Couleurs : </strong>Blanc cassé, Bleu clair, Gris clair, Bleu marine</p><p><strong>Tailles : </strong>12ans, 13 ans, 14 ans, 15 ans, 16 ans</p></td></tr></tbody></table>";;Sweatshirt à capuche;;;sweatshirt-capuche;;;1;0000-00-00;;1;;;0;;0;new;0;0;0;2;0;;;;Atout-Charme;;;;
48;1;Jean slim;Pantalon Enfant Fille;12.416667;1;0.000000;1;;;;;625046;0;;;;;0.000000;0.000000;0.000000;0.000000;0.000000;;;0;1;5;1;both;0.000000;;0.000000;<p>Un jean toujours pile à sa taille ! Il se décline en 3 largeurs de hanches pour s'adapter à toutes les morphologies : ce jean slim super confort conjugue tous les bons détails.</p>;"<table frame=""void"" cellspacing=""0"" rules=""none"" border=""0""><colgroup><col width=""951"" /></colgroup><tbody><tr><td width=""951"" height=""201"" align=""left""><p><strong>Détails produit</strong></p><p>• Tour de hanches fin</p><p>• Ouverture zippée et pressionnée</p><p>• 2 poches devant et 2 poches plaquées au dos</p><p><strong>Composition et Entretien</strong></p><p>• 95% coton, 5% élasthanne</p><p>• température de lavage 40° cycle délicat</p><p>• Température de repassage faible / blanchiment interdit</p><p>• Séchage en tambour faible</p><p>• Pas de nettoyage à sec</p><p><strong>Couleurs : </strong>Bleu, Noir</p><p><strong>Tailles : </strong>5ans, 6 ans, 7 ans, 8 ans, 9 ans, 10 ans, 11 ans, 12 ans</p></td></tr></tbody></table>";;Jean slim;;;jean-slim;;;1;0000-00-00;;1;;;0;;0;new;0;0;0;2;0;;;;Atout-Charme;;;;
49;1;Parka;Manteau Blouson Enfant Fille;91.666667;1;0.000000;1;;;;;621047;0;;;;;0.000000;0.000000;0.000000;0.000000;0.000000;;;0;1;5;1;both;0.000000;;0.000000;<p>Bien chaude pour supporter le froid, confortable pour s’amuser, cette parka pour fille demeure le manteau idéal pour l’hiver.</p>;"<table frame=""void"" cellspacing=""0"" rules=""none"" border=""0""><colgroup><col width=""951"" /></colgroup><tbody><tr><td width=""951"" height=""201"" align=""left""><p><strong>Détails produit</strong></p><p>• Imperméable</p><p>• Fermeture zippée</p><p>• Capuche fixe</p><p><strong>Composition et Entretien</strong></p><p>• 100% polyester</p><p>•  Température de lavage 30° cycle délicat</p><p>• Pour l'entretien, merci de vous référer aux indications figurant sur l'étiquette du produit</p><p><strong>Fiche produit relative aux qualités et caractéristiques environnementales</strong></p><p>• Origine de fabrication (tissage, teinture) : Turquie</p><p>• Confection : Tunisie</p><p></p><p><strong>Couleurs : </strong>Rouge, Noir</p><p><strong>Tailles : </strong>5ans, 6 ans, 7 ans, 8 ans, 9 ans, 10 ans, 11 ans, 12 ans</p></td></tr></tbody></table>";;Parka;;;parka;;;1;0000-00-00;;1;;;0;;0;new;0;0;0;2;0;;;;Atout-Charme;;;;
50;1;Short de bain;Pantacourt Bermuda Short Homme;29.083333;1;0.000000;1;;;;;317048;0;;;;;0.000000;0.000000;0.000000;0.000000;0.000000;;;0;1;5;1;both;0.000000;;0.000000;<p>Ce short de bain a un petit air vintage surf des années 70! On aime sa matière recyclé, ses deux poches et son look sobre et confortable.</p>;"<table frame=""void"" cellspacing=""0"" rules=""none"" border=""0""><colgroup><col width=""951"" /></colgroup><tbody><tr><td width=""951"" height=""201"" align=""left""><p><strong>Détails produit</strong></p><p>• Taille : standard</p><p><strong>Composition et Entretien</strong></p><p>• 95% coton, 5% élasthanne</p><p>• Température de lavage 30° cycle délicat</p><p>•  Température de repassage faible / blanchiment interdit</p><p>• Ne pas sécher en tambour</p><p>• Pas de nettoyage à sec</p><p><strong>Fiche produit relative aux qualités et caractéristiques environnementales</strong></p><p>• Origine de fabrication (tissage, teinture) : Turquie</p><p>• Confection : Tunisie</p><p></p><p><strong>Couleurs : </strong>Beige, Bleu, Vert clair, Rouge, Bordeaux, Noir</p><p><strong>Tailles : </strong>XS, S, M, L, XL</p></td></tr></tbody></table>";;Short de bain;;;short-bain;;;1;0000-00-00;;1;;;0;;0;new;0;0;0;2;0;;;;Atout-Charme;;;;
51;1;Doudoune zippé à capuche;Manteau Doudoune Homme;108.325000;1;0.000000;1;;;;;311049;0;;;;;0.000000;0.000000;0.000000;0.000000;0.000000;;;0;1;5;1;both;0.000000;;0.000000;<p>L'hiver approche à grands pas, et c'est le moment de penser à se procurer cette doudoune qui non seulement vous gardera au chaud durant les mois frisquets mais ajoutera également une touche de sophistication à votre garde-robe.</p>;"<table frame=""void"" cellspacing=""0"" rules=""none"" border=""0""><colgroup><col width=""951"" /></colgroup><tbody><tr><td width=""951"" height=""201"" align=""left""><p><strong>Détails produit</strong></p><p>• Col montant</p><p>• A capuche</p><p>• Fermeture zippée</p><p><strong>Composition et Entretien</strong></p><p>• 100% polyester</p><p>• Pour l'entretien, merci de vous référer aux indications figurant sur l'étiquette du produit</p><p><strong>Couleurs : </strong> Gris clair, Jaune, Vert kaki, Rouge, Vert foncé, Noir</p><p><strong>Tailles : </strong>XS, S, M, L, XL</p></td></tr></tbody></table>";;Doudoune à capuche;;;doudoune-capuche;;;1;0000-00-00;;1;;;0;;0;new;0;0;0;2;0;;;;Atout-Charme;;;;
52;1;T-shirt manches courtes;T-shirt Chemise Polo Enfant Garçon;12.416667;1;0.000000;1;;;;;613050;0;;;;;0.000000;0.000000;0.000000;0.000000;0.000000;;;0;1;5;1;both;0.000000;;0.000000;<p>Ce t-shirt avec le logo imprimé rappelle les nineties avec un jeans troué, un blouson esprit motard et la fameuse Air Max.</p>;"<table frame=""void"" cellspacing=""0"" rules=""none"" border=""0""><colgroup><col width=""951"" /></colgroup><tbody><tr><td width=""951"" height=""201"" align=""left""><p><strong>Détails produit</strong></p><p>• Manches courtes</p><p>• Col rond</p><p>• Motif devant imprimé</p><p><strong>Composition et Entretien</strong></p><p>• 50% coton, 50% polyester</p><p>• Pour l'entretien, merci de vous référer aux indications figurant sur l'étiquette du produit</p><p><strong>Couleurs : </strong>Gris clair, Rouge, Noir</p><p><strong>Tailles : </strong>5ans, 6 ans, 7 ans, 8 ans, 9 ans, 10 ans, 11 ans, 12 ans</p></td></tr></tbody></table>";;T-shirt;;;t-shirt;;;1;0000-00-00;;1;;;0;;0;new;0;0;0;2;0;;;;Atout-Charme;;;;
53;1;Ensemble de survêtement;Ado;66.658333;1;0.000000;1;;;;;500051;0;;;;;0.000000;0.000000;0.000000;0.000000;0.000000;;;0;1;5;1;both;0.000000;;0.000000;<p>Athlète de haut niveau ou joggeur du dimanche, cet ensemble de survêtement vous propose tout ce qu'il faut pour garder la forme.</p>;"<table frame=""void"" cellspacing=""0"" rules=""none"" border=""0""><colgroup><col width=""951"" /></colgroup><tbody><tr><td width=""951"" height=""201"" align=""left""><p><strong>Détails produit</strong></p><p>• Veste manches longues</p><p>• Pantalon taille élastiquée</p><p>• Poches latérales pantalon et veste</p><p><strong>Composition et Entretien</strong></p><p>• 100% polyester</p><p>• Pour l'entretien, merci de vous référer aux indications figurant sur l'étiquette du produit</p><p><strong>Couleurs : </strong>Gris clair, Saumon, Vert, Noir</p><p><strong>Tailles : </strong>12ans, 13 ans, 14 ans, 15 ans, 16 ans</p></td></tr></tbody></table>";;Ensemble de survêtement;;;ensemble-survetement;;;1;0000-00-00;;1;;;0;;0;new;0;0;0;2;0;;;;Atout-Charme;;;;
54;1;Pull col boutonné;Pull Gilet Sweat Homme;90.000000;1;0.000000;1;;;;;312052;0;;;;;0.000000;0.000000;0.000000;0.000000;0.000000;;;0;1;5;1;both;0.000000;;0.000000;<p>Ce pull prend une allure résolument décontractée avec des manches longues et des finitions côtelées aux extrémités, qui contraste avec l'élégance et la sobriété de sa fine maille. Il se décline en trois coloris indispensables à vos looks automne-hiver. Combinez ce pull à des basiques du quotidien, comme un jean brut ou un jogging de ville par exemple.</p>;"<table frame=""void"" cellspacing=""0"" rules=""none"" border=""0""><colgroup><col width=""951"" /></colgroup><tbody><tr><td width=""951"" height=""201"" align=""left""><p><strong>Détails produit</strong></p><p>•  Col rond</p><p>•  Bords côtes col, base et poignets</p><p>•  3 boutons</p><p><strong>Composition et Entretien</strong></p><p>•  </p><p>•  Température de lavage 30° cycle délicat</p><p><strong>Couleurs : </strong>Beige, Gris foncé, Vert</p><p><strong>Tailles : </strong>XS, S, M, L, XL</p></td></tr></tbody></table>";;Pull col boutonné;;;pull-col-boutonne;;;1;0000-00-00;;1;;;0;;0;new;0;0;0;2;0;;;;Atout-Charme;;;;
55;1;Manteau long de maternité;Manteau Doudoune Femme;160.000000;1;0.000000;1;;;;;411053;0;;;;;0.000000;0.000000;0.000000;0.000000;0.000000;;;0;1;5;1;both;0.000000;;0.000000;"<p>Fabriqué en Italie, le manteau long bouclette Leonie avec son intérieur doublé polaire vous apportera douceur et confort. Il s’adaptera parfaitement à l’évolution de votre pendant la grossesse et pourra être porté longtemps après.
</p>";"<table frame=""void"" cellspacing=""0"" rules=""none"" border=""0""><colgroup><col width=""951"" /></colgroup><tbody><tr><td width=""951"" height=""201"" align=""left""><p><strong>Détails produit</strong></p><p>• Fabriqué en Italie</p><p>• Matière française</p><p>• Certifié Oeko-Tex Standard 100</p><p><strong>Composition et Entretien</strong></p><p>• 100% POLYESTER</p><p>• Pour l'entretien, merci de vous référer aux indications figurant sur l'étiquette du produit</p><p><strong>Couleurs : </strong>Beige, Cuivre, Rose</p><p><strong>Tailles : </strong>S, M, L, XL, XXL</p>
</td></tr></tbody></table>";;Manteau long de maternité;;;manteau-long-maternite;;;1;0000-00-00;;1;;;0;;0;new;0;0;0;2;0;;;;Atout-Charme;;;;
56;1;Tapis tissé en coton;Déco;108.325000;1;0.000000;1;;;;;700054;0;;;;;0.000000;0.000000;0.000000;0.000000;0.000000;;;0;1;5;1;both;0.000000;;0.000000;<p>La simplicité à l'état pur - une vaste gamme de tapis en coton 100% naturelle. Un choix très populaire.</p>;"<table frame=""void"" cellspacing=""0"" rules=""none"" border=""0""><colgroup><col width=""951"" /></colgroup><tbody><tr><td width=""951"" height=""201"" align=""left""><p><strong>Détails produit</strong></p><p>• Tissé à la main</p><p><strong>Composition et Entretien</strong></p><p>• 100% coton</p><p>• Aspirer régulièrement</p><p>• Nettoyer les tâches immédiatement avec un chiffon propre et de l'eau (gazeuse de préférence).</p><p><strong>Couleurs : </strong> Gris clair, Moutarde, Brique, Vert foncé, Lavande, Vert kaki, Taupe</p><p><strong>Tailles : </strong>100 X 150 cm, 120 X 170 cm, 160 X 230 cm, 200 X 300 cm</p></td></tr></tbody></table>";;Tapis tissé en coton;;;tapis-tisse-coton;;;1;0000-00-00;;1;;;0;;0;new;0;0;0;2;0;;;;Atout-Charme;;;;
57;1;Nappe lin lavé;Déco;48.333333;1;0.000000;1;;;;;700055;0;;;;;0.000000;0.000000;0.000000;0.000000;0.000000;;;0;1;5;1;both;0.000000;;0.000000;<p>Toute la beauté du lin lavé sur la nappe Victorine. A la fois élégant et tendance pour un effet bohème chic !</p>;"<table frame=""void"" cellspacing=""0"" rules=""none"" border=""0""><colgroup><col width=""951"" /></colgroup><tbody><tr><td width=""951"" height=""201"" align=""left""><p><strong>Détails produit</strong></p><p>• Lin lavé</p><p>•  Finition ourlet double piqûre</p><p><strong>Composition et Entretien</strong></p><p>• 100% lin 160g/m²</p><p>• Température de lavage 40°</p><p>• Pas de repassage</p><p>• Les tissus issus de fibres naturelles peuvent rétrécir jusqu’à 8% au premier lavage. Pensez-y lors du choix des dimensions.</p><p><strong>Fiche produit relative aux qualités et caractéristiques environnementales</strong></p><p>• Origine de fabrication (tissage, teinture, confection) : Portugal</p><p><strong>Couleurs : </strong>Blanc, Jaune, Gris clair, Vert clair, Gris</p><p><strong>Tailles : </strong>170 X 170 cm, 170 X 250 cm, 170 X 300 cm, 170 X 350 cm</p></td></tr></tbody></table>";;Nappe en lin;;;nappe-lin;;;1;0000-00-00;;1;;;0;;0;new;0;0;0;2;0;;;;Atout-Charme;;;;
58;1;Lampe Emilio;Déco;99.166667;1;0.000000;1;;;;;700056;0;;;;;0.000000;0.000000;0.000000;0.000000;0.000000;;;0;1;5;1;both;0.000000;;0.000000;"<p>La lampe Emilio procure une lumière douce et diffuse , elle se placera idéalement sur une console, un bout de canapé ou une table de chevet.
Selon sa personnalisation, elle donnera une touche de déco chic et originale .</p>";"<table frame=""void"" cellspacing=""0"" rules=""none"" border=""0""><colgroup><col width=""951"" /></colgroup><tbody><tr><td width=""951"" height=""201"" align=""left""><p><strong>Détails produit</strong></p><p>•  Hauteur de la lampe : 45cm</p><p>• Diamètre de l'abat-jour : 35cm</p><p>• Diamètre du socle: 15cm</p><p>• Douille E27 ( grosse douille) Câble d'alimentation avec interrupteur longueur 2m</p><p>• Usage intérieur</p><p>• Compatible ampoule LED (non fournie)</p><p>• Tissus classés Anti-feu NF</p><p>• Matière : Percaline</p><p><strong>Couleurs : </strong>Bleu, Gris, Rouge, Magenta,  Noir</p><p><strong>Tailles : </strong> 35 X 45 cm</p></td></tr></tbody></table>";;Lampe chevet;;;lampe-chevet;;;1;0000-00-00;;1;;;0;;0;new;0;0;0;2;0;;;;Atout-Charme;;;;
59;1;Drap housse satin de coton;Déco;19.083333;1;0.000000;1;;;;;700057;0;;;;;0.000000;0.000000;0.000000;0.000000;0.000000;;;0;1;5;1;both;0.000000;;0.000000;<p>Plongez dans un univers de confort et d'élégance intemporelle avec cette collection exclusive de linge de lit. Élaborée avec soin et conçue pour répondre à vos exigences les plus élevées en matière de qualité et de bien-être, notre linge de lit promet une expérience de sommeil inégalée.</p>;"<table frame=""void"" cellspacing=""0"" rules=""none"" border=""0""><colgroup><col width=""951"" /></colgroup><tbody><tr><td width=""951"" height=""201"" align=""left""><p><strong>Détails produit</strong></p><p>• Hauteur des bonnets : 30 cm</p><p>• Satin 200 fils/cm²</p><p><strong>Composition et Entretien</strong></p><p>• 50% coton / 50% tencel</p><p>•  Température de lavage 40°</p><p>• Séchage modéré</p><p><strong>Couleurs : </strong>Blanc, Sable, Gris clair, Vert clair, Bleu marine</p><p><strong>Tailles : </strong>80x200 cm, 90x200 cm, 140x190 cm, 140x200 cm, 160x200 cm, 180x200 cm, 200x200 cm</p></td></tr></tbody></table>";;Drap housse;;;drap-housse;;;1;0000-00-00;;1;;;0;;0;new;0;0;0;2;0;;;;Atout-Charme;;;;
60;1;Assiettes creuses en grès;Déco;6.658333;1;0.000000;1;;;;;700058;0;;;;;0.000000;0.000000;0.000000;0.000000;0.000000;;;0;1;5;1;both;0.000000;;0.000000;<p>Les assiettes creuses en grès ondulé bicolore ou l'art de sublimer vos repas.</p>;"<table frame=""void"" cellspacing=""0"" rules=""none"" border=""0""><colgroup><col width=""951"" /></colgroup><tbody><tr><td width=""951"" height=""201"" align=""left""><p><strong>Détails produit</strong></p><p>Cette assiette est le résultat d’une fabrication en grès émaillé craquelé. Cette technique d’émaillage, développé en Asie au XVIème siècle, est entièrement faite à la main en Chine. Pour réaliser cette finition craquelée, les pièces en céramique sont plongées dans l’eau directement à la sortie du four. Ce choc thermique important entraine l’apparition de craquelures et l’effet plus ou moins métallisé des couleurs. La couleur, les craquelures et la forme définitive de chaque pièce dépendent donc de la température, du temps de cuisson, de l’épaisseur de l’émail et de son mode d’application.  Cette finition étant entièrement artisanale, chaque pièce est unique et apportera une touche de singularité à votre table.</p><p><strong>Couleurs : </strong>Vert clair, Blanc cassé, Saumon,  Gris</p><p><strong>Tailles : </strong>Ø20 x H4,5 cm</p></td></tr></tbody></table>";;Assiette creuse;;;assiette-creuse;;;1;0000-00-00;;1;;;0;;0;new;0;0;0;2;0;;;;Atout-Charme;;;;
61;1;Housse de couette satin de coton;Déco;33.325000;1;0.000000;1;;;;;700059;0;;;;;0.000000;0.000000;0.000000;0.000000;0.000000;;;0;1;5;1;both;0.000000;;0.000000;<p>Plongez dans un univers de confort et d'élégance intemporelle avec cette collection exclusive de linge de lit. Élaborée avec soin et conçue pour répondre à vos exigences les plus élevées en matière de qualité et de bien-être, notre linge de lit promet une expérience de sommeil inégalée.</p>;"<table frame=""void"" cellspacing=""0"" rules=""none"" border=""0""><colgroup><col width=""951"" /></colgroup><tbody><tr><td width=""951"" height=""201"" align=""left""><p><strong>Détails produit</strong></p><p>• Fermeture avec rabat (finition bouteille)</p><p>• Satin 200 fils/cm²</p><p><strong>Composition et Entretien</strong></p><p>• 50% coton / 50% tencel</p><p>• Température de lavage 40°</p><p>• Séchage modéré</p><p><strong>Couleurs : </strong>Blanc, Sable, Gris clair, Vert clair, Bleu marine</p><p><strong>Tailles : </strong>140x200 cm, 200x200 cm, 240x220cm ou 260x240cm cm</p></td></tr></tbody></table>";;Housse de couette;;;housse-couette;;;1;0000-00-00;;1;;;0;;0;new;0;0;0;2;0;;;;Atout-Charme;;;;
62;1;Mug grès rustique;Déco;6.658333;1;0.000000;1;;;;;700060;0;;;;;0.000000;0.000000;0.000000;0.000000;0.000000;;;0;1;5;1;both;0.000000;;0.000000;<p>Accessoire indispensable pour les journées et soirées froides d'hiver et pour les inconditionnels du café long ou du chocolat chaud.</p>;"<table frame=""void"" cellspacing=""0"" rules=""none"" border=""0""><colgroup><col width=""951"" /></colgroup><tbody><tr><td width=""951"" height=""201"" align=""left""><p><strong>Détails produit</strong></p><p>• Mug grès rustique</p><p><strong>Composition et Entretien</strong></p><p>• Grès</p><p><strong>Couleurs : </strong>Blanc cassé, Bleu clair, Bleu, Vert clair, Noir</p><p><strong>Tailles : </strong>13 x 9 x H 10.5 cm; 300 ml</p></td></tr></tbody></table>";;Mug en grès;;;mug-gres;;;1;0000-00-00;;1;;;0;;0;new;0;0;0;2;0;;;;Atout-Charme;;;;
